model,tr_R2,tr_RMSE,tr_MAE,val_R2,val_RMSE,val_MAE,overfit_R2,overfit_RMSE,max_res
cat_native,0.8312722322027268,46.77118897307541,33.72207128795315,0.8158788150276252,46.84470926706291,35.154562223889705,0.015393417175101676,-0.07352029398749949,206.5032238357287
