model,tr_R2,tr_RMSE,tr_MAE,val_R2,val_RMSE,val_MAE,overfit_R2,overfit_RMSE,max_res
cat_native,0.8014788503946881,50.732763591363174,36.73728210143468,0.7753769005589689,51.741125924886305,38.528973833544484,0.02610194983571923,-1.0083623335231309,210.51961511285543
