model,tr_R2,tr_RMSE,tr_MAE,val_R2,val_RMSE,val_MAE,overfit_R2,overfit_RMSE,max_res
light_gbm,0.8583878492173275,42.84847691636934,32.46735805924638,0.8049389000961713,48.21631343838629,36.910295593078544,0.053448949121156164,-5.367836522016944,177.67578442337117
