model,tr_R2,tr_RMSE,tr_MAE,val_R2,val_RMSE,val_MAE,overfit_R2,overfit_RMSE,max_res
cat_ordinal,0.8270058328374338,47.35881858411593,35.7258156874815,0.8123082137622667,47.29675019970573,36.33349821833324,0.01469761907516709,0.06206838441020324,181.17861673688452
