model,tr_R2,tr_RMSE,tr_MAE,val_R2,val_RMSE,val_MAE,overfit_R2,overfit_RMSE,max_res
cat_ordinal,0.8320836426901599,46.65859230374797,34.666822799001174,0.8146437731971026,47.00155835474939,35.28065144500653,0.017439869493057314,-0.34296605100141875,212.35654186607923
