model,tr_R2,tr_RMSE,tr_MAE,val_R2,val_RMSE,val_MAE,overfit_R2,overfit_RMSE,max_res
light_gbm,0.8634516738834813,42.07540646430538,31.97396717881052,0.8163902556911152,46.77960282694748,35.8978069175709,0.04706141819236609,-4.704196362642101,190.5827716548631
