model,iterations,tuning_MAE,test_R2,test_RMSE,test_MAE,max_residual,top_features,top_feature_weights
cat_ordinal,3,34.20390980715612,0.8114671451461584,47.40260285345874,36.49272915412854,201.13522512951658,"[""stage"", ""weight"", ""rarity"", ""height"", ""type_2""]","[29.532278023862553, 19.83774842025239, 16.840105638687405, 13.96880794525991, 5.950634054890868]"
cat_native,3,34.254264201891885,0.8139610455165235,47.08803985836129,35.656466442779596,210.1901319938013,"[""stage"", ""weight"", ""rarity"", ""shape"", ""type_2""]","[47.42638091414599, 12.358097747999889, 12.20843730308596, 8.413048241724647, 5.928928871637594]"
light_gbm,3,33.54996168818269,0.8441597952412248,43.097137199087186,31.000689561744142,207.47300880363503,"[""weight"", ""height"", ""type_1"", ""color"", ""shape""]","[46.59584958092421, 23.436869705526423, 8.717672896777374, 6.803818744117252, 5.598135448881718]"
